,method,n_features,selected_features,rmse_mean,rmse_std,r2_mean,r2_std,alpha
36,RFS_forward,15,"['PROP_ESC_URBANA', 'PROP_MAT_PRETA', 'PROP_MAT_PARDA', 'COBERTURA_CRECHE_0_3', 'ESCOLAS_CRECHE_POR_1000_CRIAN', 'MEDIA_MAT_0_3_POR_ESCOLA', 'LOG_POP_TOTAL', 'PIB_PC', 'TAXA_OCUP_MASC', 'PROP_DOM_SEM_CONJUGE_MULHER', 'PERC_RENDA_OUTRAS_FONTES', 'RENDA_MEDIANA_RESPONSAVEL', 'IDH_GINI', 'IDH_EXPECT_ANOS_ESTUDO', 'IDH_RAZAO_DEPENDENCIA']",0.3379762709822428,0.008069338793129158,0.10411455025246912,0.04555815141109855,
34,RFS_forward,13,"['PROP_ESC_URBANA', 'PROP_MAT_PRETA', 'PROP_MAT_PARDA', 'COBERTURA_CRECHE_0_3', 'MEDIA_MAT_0_3_POR_ESCOLA', 'LOG_POP_TOTAL', 'TAXA_OCUP_MASC', 'PROP_DOM_SEM_CONJUGE_MULHER', 'PERC_RENDA_OUTRAS_FONTES', 'RENDA_MEDIANA_RESPONSAVEL', 'IDH_GINI', 'IDH_EXPECT_ANOS_ESTUDO', 'IDH_RAZAO_DEPENDENCIA']",0.3380718874657106,0.008905797205605127,0.10356511061826587,0.04847772644371925,
33,RFS_forward,12,"['PROP_ESC_URBANA', 'PROP_MAT_PRETA', 'PROP_MAT_PARDA', 'COBERTURA_CRECHE_0_3', 'MEDIA_MAT_0_3_POR_ESCOLA', 'LOG_POP_TOTAL', 'TAXA_OCUP_MASC', 'PERC_RENDA_OUTRAS_FONTES', 'RENDA_MEDIANA_RESPONSAVEL', 'IDH_GINI', 'IDH_EXPECT_ANOS_ESTUDO', 'IDH_RAZAO_DEPENDENCIA']",0.3381656527272852,0.008891640070199493,0.10299752071556867,0.04981756253030306,
35,RFS_forward,14,"['PROP_ESC_URBANA', 'PROP_MAT_PRETA', 'PROP_MAT_PARDA', 'COBERTURA_CRECHE_0_3', 'MEDIA_MAT_0_3_POR_ESCOLA', 'LOG_POP_TOTAL', 'PIB_PC', 'TAXA_OCUP_MASC', 'PROP_DOM_SEM_CONJUGE_MULHER', 'PERC_RENDA_OUTRAS_FONTES', 'RENDA_MEDIANA_RESPONSAVEL', 'IDH_GINI', 'IDH_EXPECT_ANOS_ESTUDO', 'IDH_RAZAO_DEPENDENCIA']",0.33833129802999096,0.008413502376344499,0.10223322407377,0.04646324866013303,
10,RFE,11,"['PROP_ESC_URBANA', 'PROP_MAT_PRETA', 'PROP_MAT_PARDA', 'COBERTURA_CRECHE_0_3', 'LOG_POP_TOTAL', 'TAXA_OCUP_MASC', 'PERC_RENDA_OUTRAS_FONTES', 'RENDA_MEDIANA_RESPONSAVEL', 'IDH_GINI', 'IDH_EXPECT_ANOS_ESTUDO', 'IDH_RAZAO_DEPENDENCIA']",0.3384823374627567,0.009081824871974127,0.10118408543423027,0.05272730788848563,
52,Lasso,13,"['PROP_ESC_URBANA', 'PROP_MAT_BRANCA', 'PROP_MAT_PRETA', 'PROP_MAT_PARDA', 'COBERTURA_CRECHE_0_3', 'ESCOLAS_CRECHE_POR_1000_CRIAN', 'LOG_POP_TOTAL', 'PIB_PC', 'TAXA_OCUP_MASC', 'RENDA_MEDIANA_RESPONSAVEL', 'IDH_GINI', 'IDH_EXPECT_ANOS_ESTUDO', 'IDH_RAZAO_DEPENDENCIA']",0.33850745155526585,0.008922211661511073,0.10098748102232682,0.05367817242866884,0.007278953843983146
51,Lasso,16,"['PROP_ESC_URBANA', 'PROP_MAT_BRANCA', 'PROP_MAT_PRETA', 'PROP_MAT_PARDA', 'COBERTURA_CRECHE_0_3', 'ESCOLAS_CRECHE_POR_1000_CRIAN', 'LOG_POP_TOTAL', 'PIB_PC', 'LOG_PIB_PC', 'TAXA_OCUP_MASC', 'PROP_DOM_SEM_CONJUGE_MULHER', 'PERC_RENDA_OUTRAS_FONTES', 'RENDA_MEDIANA_RESPONSAVEL', 'IDH_GINI', 'IDH_EXPECT_ANOS_ESTUDO', 'IDH_RAZAO_DEPENDENCIA']",0.3386002157833663,0.008794427299519288,0.10050561199627579,0.053267961932678784,0.004520353656360241
32,RFS_forward,11,"['PROP_MAT_PRETA', 'PROP_MAT_PARDA', 'COBERTURA_CRECHE_0_3', 'MEDIA_MAT_0_3_POR_ESCOLA', 'LOG_POP_TOTAL', 'TAXA_OCUP_MASC', 'PERC_RENDA_OUTRAS_FONTES', 'RENDA_MEDIANA_RESPONSAVEL', 'IDH_GINI', 'IDH_EXPECT_ANOS_ESTUDO', 'IDH_RAZAO_DEPENDENCIA']",0.3386546577391961,0.008703952930225859,0.10030400544457851,0.05122051702966443,
13,RFE,14,"['PROP_ESC_URBANA', 'PROP_MAT_BRANCA', 'PROP_MAT_PRETA', 'PROP_MAT_PARDA', 'PROP_MAT_INDIGENA', 'COBERTURA_CRECHE_0_3', 'LOG_POP_TOTAL', 'TAXA_OCUP_MASC', 'PROP_DOM_SEM_CONJUGE_MULHER', 'PERC_RENDA_OUTRAS_FONTES', 'RENDA_MEDIANA_RESPONSAVEL', 'IDH_GINI', 'IDH_EXPECT_ANOS_ESTUDO', 'IDH_RAZAO_DEPENDENCIA']",0.3387728979181877,0.010265459863346909,0.09967883287669713,0.0551839718233193,
11,RFE,12,"['PROP_ESC_URBANA', 'PROP_MAT_BRANCA', 'PROP_MAT_PRETA', 'PROP_MAT_PARDA', 'COBERTURA_CRECHE_0_3', 'LOG_POP_TOTAL', 'TAXA_OCUP_MASC', 'PERC_RENDA_OUTRAS_FONTES', 'RENDA_MEDIANA_RESPONSAVEL', 'IDH_GINI', 'IDH_EXPECT_ANOS_ESTUDO', 'IDH_RAZAO_DEPENDENCIA']",0.3388499189001146,0.010223609567197606,0.09921785546397217,0.055956623283415566,
14,RFE,15,"['PROP_ESC_URBANA', 'PROP_MAT_BRANCA', 'PROP_MAT_PRETA', 'PROP_MAT_PARDA', 'PROP_MAT_INDIGENA', 'COBERTURA_CRECHE_0_3', 'MEDIA_MAT_0_3_POR_ESCOLA', 'LOG_POP_TOTAL', 'TAXA_OCUP_MASC', 'PROP_DOM_SEM_CONJUGE_MULHER', 'PERC_RENDA_OUTRAS_FONTES', 'RENDA_MEDIANA_RESPONSAVEL', 'IDH_GINI', 'IDH_EXPECT_ANOS_ESTUDO', 'IDH_RAZAO_DEPENDENCIA']",0.33885666159266986,0.010086626332380466,0.0992186779366506,0.05501068886753662,
31,RFS_forward,10,"['PROP_MAT_PRETA', 'PROP_MAT_PARDA', 'COBERTURA_CRECHE_0_3', 'MEDIA_MAT_0_3_POR_ESCOLA', 'LOG_POP_TOTAL', 'TAXA_OCUP_MASC', 'RENDA_MEDIANA_RESPONSAVEL', 'IDH_GINI', 'IDH_EXPECT_ANOS_ESTUDO', 'IDH_RAZAO_DEPENDENCIA']",0.33896518082098764,0.008512358972224607,0.09853438724997174,0.05302205491620335,
54,Lasso,10,"['PROP_ESC_URBANA', 'PROP_MAT_BRANCA', 'PROP_MAT_PRETA', 'COBERTURA_CRECHE_0_3', 'MEDIA_MAT_0_3_POR_ESCOLA', 'TAXA_OCUP_MASC', 'RENDA_MEDIANA_RESPONSAVEL', 'IDH_GINI', 'IDH_EXPECT_ANOS_ESTUDO', 'IDH_RAZAO_DEPENDENCIA']",0.3389783606478501,0.0075090283785443366,0.09889301772000032,0.04217850384671371,0.018873918221350976
12,RFE,13,"['PROP_ESC_URBANA', 'PROP_MAT_BRANCA', 'PROP_MAT_PRETA', 'PROP_MAT_PARDA', 'PROP_MAT_INDIGENA', 'COBERTURA_CRECHE_0_3', 'LOG_POP_TOTAL', 'TAXA_OCUP_MASC', 'PERC_RENDA_OUTRAS_FONTES', 'RENDA_MEDIANA_RESPONSAVEL', 'IDH_GINI', 'IDH_EXPECT_ANOS_ESTUDO', 'IDH_RAZAO_DEPENDENCIA']",0.3390251300771488,0.010007921884100188,0.09832075269664224,0.05486586983922239,
50,Lasso,16,"['PROP_ESC_URBANA', 'PROP_MAT_BRANCA', 'PROP_MAT_PRETA', 'PROP_MAT_PARDA', 'COBERTURA_CRECHE_0_3', 'ESCOLAS_CRECHE_POR_1000_CRIAN', 'LOG_POP_TOTAL', 'PIB_PC', 'LOG_PIB_PC', 'TAXA_OCUP_MASC', 'PROP_DOM_SEM_CONJUGE_MULHER', 'PERC_RENDA_OUTRAS_FONTES', 'RENDA_MEDIANA_RESPONSAVEL', 'IDH_GINI', 'IDH_EXPECT_ANOS_ESTUDO', 'IDH_RAZAO_DEPENDENCIA']",0.33908855724117276,0.00970417369696583,0.09795931719444924,0.05446325008450337,0.0028072162039411755
9,RFE,10,"['PROP_ESC_URBANA', 'PROP_MAT_PRETA', 'PROP_MAT_PARDA', 'COBERTURA_CRECHE_0_3', 'LOG_POP_TOTAL', 'TAXA_OCUP_MASC', 'PERC_RENDA_OUTRAS_FONTES', 'RENDA_MEDIANA_RESPONSAVEL', 'IDH_GINI', 'IDH_EXPECT_ANOS_ESTUDO']",0.3390965091196726,0.008795500625985693,0.09790208798124603,0.052801798935242734,
15,RFE,16,"['PROP_ESC_URBANA', 'PROP_MAT_BRANCA', 'PROP_MAT_PRETA', 'PROP_MAT_PARDA', 'PROP_MAT_INDIGENA', 'COBERTURA_CRECHE_0_3', 'ESCOLAS_CRECHE_POR_1000_CRIAN', 'MEDIA_MAT_0_3_POR_ESCOLA', 'LOG_POP_TOTAL', 'TAXA_OCUP_MASC', 'PROP_DOM_SEM_CONJUGE_MULHER', 'PERC_RENDA_OUTRAS_FONTES', 'RENDA_MEDIANA_RESPONSAVEL', 'IDH_GINI', 'IDH_EXPECT_ANOS_ESTUDO', 'IDH_RAZAO_DEPENDENCIA']",0.33910632036356786,0.009995736845853944,0.0978905475807655,0.05485530265571696,
41,RFS_forward,20,"['PROP_ESC_URBANA', 'PROP_MAT_BRANCA', 'PROP_MAT_PRETA', 'PROP_MAT_PARDA', 'COBERTURA_CRECHE_0_3', 'ESCOLAS_CRECHE_POR_1000_CRIAN', 'MEDIA_MAT_0_3_POR_ESCOLA', 'LOG_POP_TOTAL', 'PIB_PC', 'LOG_PIB_PC', 'TAXA_OCUP_FEM', 'TAXA_OCUP_MASC', 'PROP_MAES_JOVENS', 'PROP_DOM_SEM_CONJUGE_MULHER', 'PERC_RENDA_OUTRAS_FONTES', 'RENDA_MEDIANA_RESPONSAVEL', 'IDH_PROP_POBREZA_CRIANCAS', 'IDH_GINI', 'IDH_EXPECT_ANOS_ESTUDO', 'IDH_RAZAO_DEPENDENCIA']",0.33913977330896916,0.009409887261404714,0.09780687439435876,0.051707472106435906,
37,RFS_forward,16,"['PROP_ESC_URBANA', 'PROP_MAT_PRETA', 'PROP_MAT_PARDA', 'COBERTURA_CRECHE_0_3', 'ESCOLAS_CRECHE_POR_1000_CRIAN', 'MEDIA_MAT_0_3_POR_ESCOLA', 'LOG_POP_TOTAL', 'PIB_PC', 'TAXA_OCUP_MASC', 'PROP_MAES_JOVENS', 'PROP_DOM_SEM_CONJUGE_MULHER', 'PERC_RENDA_OUTRAS_FONTES', 'RENDA_MEDIANA_RESPONSAVEL', 'IDH_GINI', 'IDH_EXPECT_ANOS_ESTUDO', 'IDH_RAZAO_DEPENDENCIA']",0.33915675902295445,0.008666674693481249,0.0977392241600247,0.04936297830518239,
40,RFS_forward,19,"['PROP_ESC_URBANA', 'PROP_MAT_PRETA', 'PROP_MAT_PARDA', 'COBERTURA_CRECHE_0_3', 'ESCOLAS_CRECHE_POR_1000_CRIAN', 'MEDIA_MAT_0_3_POR_ESCOLA', 'LOG_POP_TOTAL', 'PIB_PC', 'LOG_PIB_PC', 'TAXA_OCUP_FEM', 'TAXA_OCUP_MASC', 'PROP_MAES_JOVENS', 'PROP_DOM_SEM_CONJUGE_MULHER', 'PERC_RENDA_OUTRAS_FONTES', 'RENDA_MEDIANA_RESPONSAVEL', 'IDH_PROP_POBREZA_CRIANCAS', 'IDH_GINI', 'IDH_EXPECT_ANOS_ESTUDO', 'IDH_RAZAO_DEPENDENCIA']",0.33918800603363347,0.00939272675839159,0.09756169998959326,0.05147364839077516,
16,RFE,17,"['PROP_ESC_URBANA', 'PROP_MAT_BRANCA', 'PROP_MAT_PRETA', 'PROP_MAT_PARDA', 'PROP_MAT_INDIGENA', 'COBERTURA_CRECHE_0_3', 'ESCOLAS_CRECHE_POR_1000_CRIAN', 'MEDIA_MAT_0_3_POR_ESCOLA', 'LOG_POP_TOTAL', 'TAXA_OCUP_FEM', 'TAXA_OCUP_MASC', 'PROP_DOM_SEM_CONJUGE_MULHER', 'PERC_RENDA_OUTRAS_FONTES', 'RENDA_MEDIANA_RESPONSAVEL', 'IDH_GINI', 'IDH_EXPECT_ANOS_ESTUDO', 'IDH_RAZAO_DEPENDENCIA']",0.3391898386732929,0.010105549236389118,0.0974240357105434,0.05551518632334225,
42,RFS_forward,21,"['PROP_ESC_URBANA', 'PROP_MAT_BRANCA', 'PROP_MAT_PRETA', 'PROP_MAT_PARDA', 'PROP_MAT_INDIGENA', 'COBERTURA_CRECHE_0_3', 'ESCOLAS_CRECHE_POR_1000_CRIAN', 'MEDIA_MAT_0_3_POR_ESCOLA', 'LOG_POP_TOTAL', 'PIB_PC', 'LOG_PIB_PC', 'TAXA_OCUP_FEM', 'TAXA_OCUP_MASC', 'PROP_MAES_JOVENS', 'PROP_DOM_SEM_CONJUGE_MULHER', 'PERC_RENDA_OUTRAS_FONTES', 'RENDA_MEDIANA_RESPONSAVEL', 'IDH_PROP_POBREZA_CRIANCAS', 'IDH_GINI', 'IDH_EXPECT_ANOS_ESTUDO', 'IDH_RAZAO_DEPENDENCIA']",0.339284605485635,0.00947703971735686,0.09698624915966403,0.052805153766631203,
53,Lasso,11,"['PROP_ESC_URBANA', 'PROP_MAT_BRANCA', 'PROP_MAT_PRETA', 'COBERTURA_CRECHE_0_3', 'MEDIA_MAT_0_3_POR_ESCOLA', 'LOG_POP_TOTAL', 'TAXA_OCUP_MASC', 'RENDA_MEDIANA_RESPONSAVEL', 'IDH_GINI', 'IDH_EXPECT_ANOS_ESTUDO', 'IDH_RAZAO_DEPENDENCIA']",0.339297569116653,0.008387252949130003,0.0968758612658491,0.05100922544849753,0.011721022975334805
38,RFS_forward,17,"['PROP_ESC_URBANA', 'PROP_MAT_PRETA', 'PROP_MAT_PARDA', 'COBERTURA_CRECHE_0_3', 'ESCOLAS_CRECHE_POR_1000_CRIAN', 'MEDIA_MAT_0_3_POR_ESCOLA', 'LOG_POP_TOTAL', 'PIB_PC', 'TAXA_OCUP_FEM', 'TAXA_OCUP_MASC', 'PROP_MAES_JOVENS', 'PROP_DOM_SEM_CONJUGE_MULHER', 'PERC_RENDA_OUTRAS_FONTES', 'RENDA_MEDIANA_RESPONSAVEL', 'IDH_GINI', 'IDH_EXPECT_ANOS_ESTUDO', 'IDH_RAZAO_DEPENDENCIA']",0.33935641281072054,0.009325965273583826,0.096657740321016,0.05142226635925428,
17,RFE,18,"['PROP_ESC_URBANA', 'PROP_MAT_BRANCA', 'PROP_MAT_PRETA', 'PROP_MAT_PARDA', 'PROP_MAT_INDIGENA', 'COBERTURA_CRECHE_0_3', 'ESCOLAS_CRECHE_POR_1000_CRIAN', 'MEDIA_MAT_0_3_POR_ESCOLA', 'LOG_POP_TOTAL', 'PIB_PC', 'TAXA_OCUP_FEM', 'TAXA_OCUP_MASC', 'PROP_DOM_SEM_CONJUGE_MULHER', 'PERC_RENDA_OUTRAS_FONTES', 'RENDA_MEDIANA_RESPONSAVEL', 'IDH_GINI', 'IDH_EXPECT_ANOS_ESTUDO', 'IDH_RAZAO_DEPENDENCIA']",0.3393671536848026,0.009866130048874136,0.09650835672597372,0.054445428866156775,
18,RFE,19,"['PROP_ESC_URBANA', 'PROP_MAT_BRANCA', 'PROP_MAT_PRETA', 'PROP_MAT_PARDA', 'PROP_MAT_INDIGENA', 'COBERTURA_CRECHE_0_3', 'ESCOLAS_CRECHE_POR_1000_CRIAN', 'MEDIA_MAT_0_3_POR_ESCOLA', 'LOG_POP_TOTAL', 'PIB_PC', 'TAXA_OCUP_FEM', 'TAXA_OCUP_MASC', 'PROP_DOM_SEM_CONJUGE_MULHER', 'PERC_RENDA_OUTRAS_FONTES', 'RENDA_MEDIANA_RESPONSAVEL', 'IDH_PROP_POBREZA_CRIANCAS', 'IDH_GINI', 'IDH_EXPECT_ANOS_ESTUDO', 'IDH_RAZAO_DEPENDENCIA']",0.3394295563827644,0.009546160460842864,0.09619027921740275,0.053403736320410074,
47,Lasso,21,"['PROP_ESC_PUBLICA', 'PROP_ESC_URBANA', 'PROP_MAT_BRANCA', 'PROP_MAT_PRETA', 'PROP_MAT_PARDA', 'COBERTURA_CRECHE_0_3', 'ESCOLAS_CRECHE_POR_1000_CRIAN', 'MEDIA_MAT_0_3_POR_ESCOLA', 'LOG_POP_TOTAL', 'PIB_PC', 'LOG_PIB_PC', 'TAXA_OCUP_FEM', 'TAXA_OCUP_MASC', 'PROP_MAES_JOVENS', 'PROP_DOM_SEM_CONJUGE_MULHER', 'PERC_RENDA_OUTRAS_FONTES', 'RENDA_MEDIANA_RESPONSAVEL', 'IDH_PROP_POBREZA_CRIANCAS', 'IDH_GINI', 'IDH_EXPECT_ANOS_ESTUDO', 'IDH_RAZAO_DEPENDENCIA']",0.33943151207099537,0.009732769594968216,0.09618666929948219,0.05379590056276627,0.0006723357536499335
46,Lasso,21,"['PROP_ESC_PUBLICA', 'PROP_ESC_URBANA', 'PROP_MAT_PRETA', 'PROP_MAT_PARDA', 'PROP_MAT_INDIGENA', 'COBERTURA_CRECHE_0_3', 'ESCOLAS_CRECHE_POR_1000_CRIAN', 'MEDIA_MAT_0_3_POR_ESCOLA', 'LOG_POP_TOTAL', 'PIB_PC', 'LOG_PIB_PC', 'TAXA_OCUP_FEM', 'TAXA_OCUP_MASC', 'PROP_MAES_JOVENS', 'PROP_DOM_SEM_CONJUGE_MULHER', 'PERC_RENDA_OUTRAS_FONTES', 'RENDA_MEDIANA_RESPONSAVEL', 'IDH_PROP_POBREZA_CRIANCAS', 'IDH_GINI', 'IDH_EXPECT_ANOS_ESTUDO', 'IDH_RAZAO_DEPENDENCIA']",0.3394446118059834,0.009759128273876743,0.09611398950370709,0.053913599490607575,0.00041753189365604
48,Lasso,19,"['PROP_ESC_URBANA', 'PROP_MAT_BRANCA', 'PROP_MAT_PRETA', 'PROP_MAT_PARDA', 'COBERTURA_CRECHE_0_3', 'ESCOLAS_CRECHE_POR_1000_CRIAN', 'MEDIA_MAT_0_3_POR_ESCOLA', 'LOG_POP_TOTAL', 'PIB_PC', 'LOG_PIB_PC', 'TAXA_OCUP_FEM', 'TAXA_OCUP_MASC', 'PROP_DOM_SEM_CONJUGE_MULHER', 'PERC_RENDA_OUTRAS_FONTES', 'RENDA_MEDIANA_RESPONSAVEL', 'IDH_PROP_POBREZA_CRIANCAS', 'IDH_GINI', 'IDH_EXPECT_ANOS_ESTUDO', 'IDH_RAZAO_DEPENDENCIA']",0.33946871748193297,0.009596195725112413,0.095986380076193,0.053484807753079455,0.001082636733874054
19,RFE,20,"['PROP_ESC_PUBLICA', 'PROP_ESC_URBANA', 'PROP_MAT_BRANCA', 'PROP_MAT_PRETA', 'PROP_MAT_PARDA', 'PROP_MAT_INDIGENA', 'COBERTURA_CRECHE_0_3', 'ESCOLAS_CRECHE_POR_1000_CRIAN', 'MEDIA_MAT_0_3_POR_ESCOLA', 'LOG_POP_TOTAL', 'PIB_PC', 'TAXA_OCUP_FEM', 'TAXA_OCUP_MASC', 'PROP_DOM_SEM_CONJUGE_MULHER', 'PERC_RENDA_OUTRAS_FONTES', 'RENDA_MEDIANA_RESPONSAVEL', 'IDH_PROP_POBREZA_CRIANCAS', 'IDH_GINI', 'IDH_EXPECT_ANOS_ESTUDO', 'IDH_RAZAO_DEPENDENCIA']",0.3394738550643063,0.00965079963561946,0.09596336232013074,0.0535437984473132,
21,RFE,22,"['PROP_ESC_PUBLICA', 'PROP_ESC_URBANA', 'PROP_MAT_BRANCA', 'PROP_MAT_PRETA', 'PROP_MAT_PARDA', 'PROP_MAT_INDIGENA', 'COBERTURA_CRECHE_0_3', 'ESCOLAS_CRECHE_POR_1000_CRIAN', 'MEDIA_MAT_0_3_POR_ESCOLA', 'LOG_POP_TOTAL', 'PIB_PC', 'LOG_PIB_PC', 'TAXA_OCUP_FEM', 'TAXA_OCUP_MASC', 'PROP_MAES_JOVENS', 'PROP_DOM_SEM_CONJUGE_MULHER', 'PERC_RENDA_OUTRAS_FONTES', 'RENDA_MEDIANA_RESPONSAVEL', 'IDH_PROP_POBREZA_CRIANCAS', 'IDH_GINI', 'IDH_EXPECT_ANOS_ESTUDO', 'IDH_RAZAO_DEPENDENCIA']",0.33949492945568044,0.009625751826606063,0.09585363667703913,0.05342859933923253,
44,Lasso,22,"['PROP_ESC_PUBLICA', 'PROP_ESC_URBANA', 'PROP_MAT_BRANCA', 'PROP_MAT_PRETA', 'PROP_MAT_PARDA', 'PROP_MAT_INDIGENA', 'COBERTURA_CRECHE_0_3', 'ESCOLAS_CRECHE_POR_1000_CRIAN', 'MEDIA_MAT_0_3_POR_ESCOLA', 'LOG_POP_TOTAL', 'PIB_PC', 'LOG_PIB_PC', 'TAXA_OCUP_FEM', 'TAXA_OCUP_MASC', 'PROP_MAES_JOVENS', 'PROP_DOM_SEM_CONJUGE_MULHER', 'PERC_RENDA_OUTRAS_FONTES', 'RENDA_MEDIANA_RESPONSAVEL', 'IDH_PROP_POBREZA_CRIANCAS', 'IDH_GINI', 'IDH_EXPECT_ANOS_ESTUDO', 'IDH_RAZAO_DEPENDENCIA']",0.33949646589341465,0.009628084731282871,0.09584535116602388,0.053436453898688334,0.00016102620275609394
43,Lasso,22,"['PROP_ESC_PUBLICA', 'PROP_ESC_URBANA', 'PROP_MAT_BRANCA', 'PROP_MAT_PRETA', 'PROP_MAT_PARDA', 'PROP_MAT_INDIGENA', 'COBERTURA_CRECHE_0_3', 'ESCOLAS_CRECHE_POR_1000_CRIAN', 'MEDIA_MAT_0_3_POR_ESCOLA', 'LOG_POP_TOTAL', 'PIB_PC', 'LOG_PIB_PC', 'TAXA_OCUP_FEM', 'TAXA_OCUP_MASC', 'PROP_MAES_JOVENS', 'PROP_DOM_SEM_CONJUGE_MULHER', 'PERC_RENDA_OUTRAS_FONTES', 'RENDA_MEDIANA_RESPONSAVEL', 'IDH_PROP_POBREZA_CRIANCAS', 'IDH_GINI', 'IDH_EXPECT_ANOS_ESTUDO', 'IDH_RAZAO_DEPENDENCIA']",0.3394986972899772,0.009622878444677763,0.09583424738560405,0.05341051581034913,0.0001
20,RFE,21,"['PROP_ESC_PUBLICA', 'PROP_ESC_URBANA', 'PROP_MAT_BRANCA', 'PROP_MAT_PRETA', 'PROP_MAT_PARDA', 'PROP_MAT_INDIGENA', 'COBERTURA_CRECHE_0_3', 'ESCOLAS_CRECHE_POR_1000_CRIAN', 'MEDIA_MAT_0_3_POR_ESCOLA', 'LOG_POP_TOTAL', 'PIB_PC', 'TAXA_OCUP_FEM', 'TAXA_OCUP_MASC', 'PROP_MAES_JOVENS', 'PROP_DOM_SEM_CONJUGE_MULHER', 'PERC_RENDA_OUTRAS_FONTES', 'RENDA_MEDIANA_RESPONSAVEL', 'IDH_PROP_POBREZA_CRIANCAS', 'IDH_GINI', 'IDH_EXPECT_ANOS_ESTUDO', 'IDH_RAZAO_DEPENDENCIA']",0.3395043897838345,0.009609273293334714,0.09580104490151686,0.05342159610345434,
45,Lasso,21,"['PROP_ESC_PUBLICA', 'PROP_ESC_URBANA', 'PROP_MAT_PRETA', 'PROP_MAT_PARDA', 'PROP_MAT_INDIGENA', 'COBERTURA_CRECHE_0_3', 'ESCOLAS_CRECHE_POR_1000_CRIAN', 'MEDIA_MAT_0_3_POR_ESCOLA', 'LOG_POP_TOTAL', 'PIB_PC', 'LOG_PIB_PC', 'TAXA_OCUP_FEM', 'TAXA_OCUP_MASC', 'PROP_MAES_JOVENS', 'PROP_DOM_SEM_CONJUGE_MULHER', 'PERC_RENDA_OUTRAS_FONTES', 'RENDA_MEDIANA_RESPONSAVEL', 'IDH_PROP_POBREZA_CRIANCAS', 'IDH_GINI', 'IDH_EXPECT_ANOS_ESTUDO', 'IDH_RAZAO_DEPENDENCIA']",0.33951133089099106,0.009637083173342739,0.09576439901022307,0.05349570460966198,0.0002592943797404667
49,Lasso,17,"['PROP_ESC_URBANA', 'PROP_MAT_BRANCA', 'PROP_MAT_PRETA', 'PROP_MAT_PARDA', 'COBERTURA_CRECHE_0_3', 'ESCOLAS_CRECHE_POR_1000_CRIAN', 'LOG_POP_TOTAL', 'PIB_PC', 'LOG_PIB_PC', 'TAXA_OCUP_FEM', 'TAXA_OCUP_MASC', 'PROP_DOM_SEM_CONJUGE_MULHER', 'PERC_RENDA_OUTRAS_FONTES', 'RENDA_MEDIANA_RESPONSAVEL', 'IDH_GINI', 'IDH_EXPECT_ANOS_ESTUDO', 'IDH_RAZAO_DEPENDENCIA']",0.3395209837322255,0.009563051530666628,0.0957146978578095,0.05329958780450438,0.0017433288221999873
30,RFS_forward,9,"['PROP_MAT_PRETA', 'PROP_MAT_PARDA', 'COBERTURA_CRECHE_0_3', 'MEDIA_MAT_0_3_POR_ESCOLA', 'LOG_POP_TOTAL', 'TAXA_OCUP_MASC', 'IDH_GINI', 'IDH_EXPECT_ANOS_ESTUDO', 'IDH_RAZAO_DEPENDENCIA']",0.33952952324562763,0.008322361497696813,0.095670056206697,0.05030386664193764,
55,Lasso,7,"['PROP_MAT_PRETA', 'COBERTURA_CRECHE_0_3', 'MEDIA_MAT_0_3_POR_ESCOLA', 'TAXA_OCUP_MASC', 'RENDA_MEDIANA_RESPONSAVEL', 'IDH_EXPECT_ANOS_ESTUDO', 'IDH_RAZAO_DEPENDENCIA']",0.33953919650467207,0.0072931244598167895,0.09601786065004263,0.03936544490598684,0.03039195382313198
39,RFS_forward,18,"['PROP_ESC_URBANA', 'PROP_MAT_PRETA', 'PROP_MAT_PARDA', 'COBERTURA_CRECHE_0_3', 'ESCOLAS_CRECHE_POR_1000_CRIAN', 'MEDIA_MAT_0_3_POR_ESCOLA', 'LOG_POP_TOTAL', 'PIB_PC', 'TAXA_OCUP_FEM', 'TAXA_OCUP_MASC', 'PROP_MAES_JOVENS', 'PROP_DOM_SEM_CONJUGE_MULHER', 'PERC_RENDA_OUTRAS_FONTES', 'RENDA_MEDIANA_RESPONSAVEL', 'IDH_PROP_POBREZA_CRIANCAS', 'IDH_GINI', 'IDH_EXPECT_ANOS_ESTUDO', 'IDH_RAZAO_DEPENDENCIA']",0.33957267582394907,0.009056643547127825,0.0955982750890921,0.04912976123869991,
29,RFS_forward,8,"['PROP_MAT_PRETA', 'PROP_MAT_PARDA', 'COBERTURA_CRECHE_0_3', 'MEDIA_MAT_0_3_POR_ESCOLA', 'TAXA_OCUP_MASC', 'IDH_GINI', 'IDH_EXPECT_ANOS_ESTUDO', 'IDH_RAZAO_DEPENDENCIA']",0.3398617050241704,0.0071783573961037885,0.09400780521784477,0.045639390720547776,
8,RFE,9,"['PROP_ESC_URBANA', 'PROP_MAT_PRETA', 'COBERTURA_CRECHE_0_3', 'LOG_POP_TOTAL', 'TAXA_OCUP_MASC', 'PERC_RENDA_OUTRAS_FONTES', 'RENDA_MEDIANA_RESPONSAVEL', 'IDH_GINI', 'IDH_EXPECT_ANOS_ESTUDO']",0.34033979647265145,0.009418535201712005,0.09126498544834258,0.05489681357160994,
3,RFE,4,"['PROP_MAT_PRETA', 'COBERTURA_CRECHE_0_3', 'TAXA_OCUP_MASC', 'IDH_EXPECT_ANOS_ESTUDO']",0.3405111127937327,0.007511159845920036,0.09059004146870808,0.04538142438120221,
7,RFE,8,"['PROP_ESC_URBANA', 'PROP_MAT_PRETA', 'COBERTURA_CRECHE_0_3', 'LOG_POP_TOTAL', 'TAXA_OCUP_MASC', 'PERC_RENDA_OUTRAS_FONTES', 'RENDA_MEDIANA_RESPONSAVEL', 'IDH_EXPECT_ANOS_ESTUDO']",0.3406661232174539,0.00869202073102084,0.08940666157998478,0.055381792308044415,
28,RFS_forward,7,"['PROP_MAT_PRETA', 'PROP_MAT_PARDA', 'COBERTURA_CRECHE_0_3', 'MEDIA_MAT_0_3_POR_ESCOLA', 'TAXA_OCUP_MASC', 'IDH_EXPECT_ANOS_ESTUDO', 'IDH_RAZAO_DEPENDENCIA']",0.3410275037733317,0.007758782331872902,0.08764085454644979,0.04999053086146589,
27,RFS_forward,6,"['PROP_MAT_PRETA', 'COBERTURA_CRECHE_0_3', 'MEDIA_MAT_0_3_POR_ESCOLA', 'TAXA_OCUP_MASC', 'IDH_EXPECT_ANOS_ESTUDO', 'IDH_RAZAO_DEPENDENCIA']",0.3414465812811606,0.0075984105730202735,0.0855696418600465,0.04643994711243287,
4,RFE,5,"['PROP_ESC_URBANA', 'PROP_MAT_PRETA', 'COBERTURA_CRECHE_0_3', 'TAXA_OCUP_MASC', 'IDH_EXPECT_ANOS_ESTUDO']",0.3417044124253706,0.008052387642829414,0.08417577023741533,0.047815111986693394,
6,RFE,7,"['PROP_ESC_URBANA', 'PROP_MAT_PRETA', 'COBERTURA_CRECHE_0_3', 'LOG_POP_TOTAL', 'TAXA_OCUP_MASC', 'PERC_RENDA_OUTRAS_FONTES', 'IDH_EXPECT_ANOS_ESTUDO']",0.3417617113136474,0.008475693716403911,0.08371747221921247,0.05191869026709465,
26,RFS_forward,5,"['PROP_MAT_PRETA', 'COBERTURA_CRECHE_0_3', 'MEDIA_MAT_0_3_POR_ESCOLA', 'IDH_EXPECT_ANOS_ESTUDO', 'IDH_RAZAO_DEPENDENCIA']",0.34197807022913,0.0069648201001404186,0.08289744148324352,0.041034262980937354,
5,RFE,6,"['PROP_ESC_URBANA', 'PROP_MAT_PRETA', 'COBERTURA_CRECHE_0_3', 'TAXA_OCUP_MASC', 'PERC_RENDA_OUTRAS_FONTES', 'IDH_EXPECT_ANOS_ESTUDO']",0.342300729662118,0.008217308048664645,0.08095613561045736,0.048825830725433575,
25,RFS_forward,4,"['PROP_MAT_PRETA', 'MEDIA_MAT_0_3_POR_ESCOLA', 'IDH_EXPECT_ANOS_ESTUDO', 'IDH_RAZAO_DEPENDENCIA']",0.3429803842569864,0.007268230917926375,0.07790168053055804,0.03220694340112196,
2,RFE,3,"['PROP_MAT_PRETA', 'COBERTURA_CRECHE_0_3', 'TAXA_OCUP_MASC']",0.3445632455379089,0.007184019001500847,0.06925124843744127,0.03501800447322566,
24,RFS_forward,3,"['PROP_MAT_PRETA', 'MEDIA_MAT_0_3_POR_ESCOLA', 'IDH_EXPECT_ANOS_ESTUDO']",0.346344325829332,0.008116557778565068,0.05970075715322316,0.03565420597503094,
1,RFE,2,"['PROP_MAT_PRETA', 'COBERTURA_CRECHE_0_3']",0.34810170910837457,0.007504262079920321,0.05018782914316211,0.032436375461719194,
23,RFS_forward,2,"['PROP_MAT_PRETA', 'MEDIA_MAT_0_3_POR_ESCOLA']",0.3485278969248967,0.00857819777650455,0.0480029063857184,0.0321903867089854,
0,RFE,1,['PROP_MAT_PRETA'],0.3494770133209367,0.00842953674473421,0.04270119309060747,0.034941810396144496,
22,RFS_forward,1,['PROP_MAT_PRETA'],0.3494770133209367,0.00842953674473421,0.04270119309060747,0.034941810396144496,
56,Lasso,1,['PROP_MAT_PRETA'],0.3495541600114097,0.008402104789608853,0.04226080662805343,0.03533699464540714,0.04893900918477494
57,Lasso,1,['PROP_MAT_PRETA'],,,,,0.07880462815669913
